<?xml version="1.0"?>
<!DOCTYPE wallpapers SYSTEM "gnome-wp-list.dtd">
<wallpapers>
  <wallpaper deleted="false">
    <name>Background 1</name>
    <filename>/usr/share/wallpapers/parch-anime/0.jpg</filename>
    <options>zoom</options>
    <shade_type>solid</shade_type>
    <pcolor>#0B0021</pcolor>
    <scolor>#000000</scolor>
  </wallpaper>
  <wallpaper deleted="false">
    <name>Background 2</name>
    <filename>/usr/share/wallpapers/parch-anime/10.jpg</filename>
    <options>zoom</options>
    <shade_type>solid</shade_type>
    <pcolor>#241f31</pcolor>
    <scolor>#000000</scolor>
  </wallpaper>
  <wallpaper deleted="false">
    <name>Background 3</name>
    <filename>/usr/share/wallpapers/parch-anime/11.jpg</filename>
    <options>zoom</options>
    <shade_type>solid</shade_type>
    <pcolor>#0B0021</pcolor>
    <scolor>#000000</scolor>
  </wallpaper>
  <wallpaper deleted="false">
    <name>Background 4</name>
    <filename>/usr/share/wallpapers/parch-anime/12.jpg</filename>
    <options>zoom</options>
    <shade_type>solid</shade_type>
    <pcolor>#241f31</pcolor>
    <scolor>#000000</scolor>
  </wallpaper>
  <wallpaper deleted="false">
    <name>Background 5</name>
    <filename>/usr/share/wallpapers/parch-anime/13.jpg</filename>
    <options>zoom</options>
    <shade_type>solid</shade_type>
    <pcolor>#0B0021</pcolor>
    <scolor>#000000</scolor>
  </wallpaper>
  <wallpaper deleted="false">
    <name>Background 6</name>
    <filename>/usr/share/wallpapers/parch-anime/14.jpg</filename>
    <options>zoom</options>
    <shade_type>solid</shade_type>
    <pcolor>#241f31</pcolor>
    <scolor>#000000</scolor>
  </wallpaper>
  <wallpaper deleted="false">
    <name>Background 7</name>
    <filename>/usr/share/wallpapers/parch-anime/1.jpg</filename>
    <options>zoom</options>
    <shade_type>solid</shade_type>
    <pcolor>#0B0021</pcolor>
    <scolor>#000000</scolor>
  </wallpaper>
  <wallpaper deleted="false">
    <name>Background 8</name>
    <filename>/usr/share/wallpapers/parch-anime/2.jpg</filename>
    <options>zoom</options>
    <shade_type>solid</shade_type>
    <pcolor>#241f31</pcolor>
    <scolor>#000000</scolor>
  </wallpaper>
  <wallpaper deleted="false">
    <name>Background 9</name>
    <filename>/usr/share/wallpapers/parch-anime/3.jpg</filename>
    <options>zoom</options>
    <shade_type>solid</shade_type>
    <pcolor>#0B0021</pcolor>
    <scolor>#000000</scolor>
  </wallpaper>
  <wallpaper deleted="false">
    <name>Background 10</name>
    <filename>/usr/share/wallpapers/parch-anime/4.jpg</filename>
    <options>zoom</options>
    <shade_type>solid</shade_type>
    <pcolor>#241f31</pcolor>
    <scolor>#000000</scolor>
  </wallpaper>
  <wallpaper deleted="false">
    <name>Background 11</name>
    <filename>/usr/share/wallpapers/parch-anime/5.jpg</filename>
    <options>zoom</options>
    <shade_type>solid</shade_type>
    <pcolor>#0B0021</pcolor>
    <scolor>#000000</scolor>
  </wallpaper>
  <wallpaper deleted="false">
    <name>Background 12</name>
    <filename>/usr/share/wallpapers/parch-anime/6.jpg</filename>
    <options>zoom</options>
    <shade_type>solid</shade_type>
    <pcolor>#241f31</pcolor>
    <scolor>#000000</scolor>
  </wallpaper>
  <wallpaper deleted="false">
    <name>Background 13</name>
    <filename>/usr/share/wallpapers/parch-anime/7.jpg</filename>
    <options>zoom</options>
    <shade_type>solid</shade_type>
    <pcolor>#0B0021</pcolor>
    <scolor>#000000</scolor>
  </wallpaper>
  <wallpaper deleted="false">
    <name>Background 14</name>
    <filename>/usr/share/wallpapers/parch-anime/8.jpg</filename>
    <options>zoom</options>
    <shade_type>solid</shade_type>
    <pcolor>#241f31</pcolor>
    <scolor>#000000</scolor>
  </wallpaper>
  <wallpaper deleted="false">
    <name>Background 15</name>
    <filename>/usr/share/wallpapers/parch-anime/9.jpg</filename>
    <options>zoom</options>
    <shade_type>solid</shade_type>
    <pcolor>#0B0021</pcolor>
    <scolor>#000000</scolor>
  </wallpaper>
</wallpapers>
